frequency_thz,intensity
0.0000,0.210856
0.1575,0.266276
0.3150,0.386088
0.4724,0.404578
0.6299,0.485513
0.7874,0.528198
0.9449,0.664081
1.1024,0.726220
1.2598,0.787043
1.4173,0.747912
1.5748,0.807359
1.7323,0.781669
1.8898,0.637765
2.0472,0.522397
2.2047,0.457765
2.3622,0.310281
2.5197,0.296927
2.6772,0.201927
2.8346,0.087159
2.9921,0.070167
